Date,Confirmed,Deaths,Recovered,New_Confirmed,New_Deaths,Active
2020-01-22,551,17,30,0,0,504
2020-01-23,649,17,32,98,0,600
2020-01-24,930,25,39,281,8,866
2020-01-25,1394,41,42,464,16,1311
2020-01-26,2021,54,56,627,13,1911
2020-01-27,2780,80,65,759,26,2635
2020-01-28,5375,129,108,2595,49,5138
2020-01-29,5911,130,126,536,1,5655
2020-01-30,7890,169,143,1979,39,7578
2020-01-31,9489,211,222,1599,42,9056
2020-02-01,11516,257,284,2027,46,10975
2020-02-02,16186,361,463,4670,104,15362
2020-02-03,19204,425,608,3018,64,18171
2020-02-04,23093,491,826,3889,66,21776
2020-02-05,26739,563,1077,3646,72,25099
2020-02-06,29792,633,1424,3053,70,27735
2020-02-07,33306,717,1908,3514,84,30681
2020-02-08,35947,803,2471,2641,86,32673
2020-02-09,38915,900,3060,2968,97,34955
2020-02-10,41471,1007,3717,2556,107,36747
2020-02-11,43461,1106,4418,1990,99,37937
2020-02-12,43837,1110,4850,376,4,37877
2020-02-13,58941,1360,5929,15104,250,51652
2020-02-14,65436,1511,7616,6495,151,56309
2020-02-15,67543,1652,8904,2107,141,56987
2020-02-16,69698,1756,10321,2155,104,57621
2020-02-17,71716,1851,11955,2018,95,57910
2020-02-18,73582,1987,13693,1866,136,57902
2020-02-19,74077,2102,15397,495,115,56578
2020-02-20,74633,2226,17374,556,124,55033
2020-02-21,75258,2230,17971,625,4,55057
2020-02-22,77015,2437,21856,1757,207,52722
2020-02-23,77393,2448,22307,378,11,52638
2020-02-24,77960,2608,24049,567,160,51303
2020-02-25,78811,2688,26654,851,80,49469
2020-02-26,79781,2749,29091,970,61,47941
2020-02-27,81117,2791,31934,1336,42,46392
2020-02-28,82534,2850,35319,1417,59,44365
2020-02-29,84400,2919,38327,1866,69,43154
2020-03-01,86774,2972,41223,2374,53,42579
2020-03-02,88747,3062,44098,1973,90,41587
2020-03-03,91353,3136,46690,2606,74,41527
2020-03-04,93689,3232,49629,2336,96,40828
2020-03-05,96417,3327,52247,2728,95,40843
2020-03-06,100382,3441,54309,3965,114,42632
2020-03-07,104511,3545,56799,4129,104,44167
2020-03-08,108287,3787,59133,3776,242,45367
2020-03-09,112558,3980,60933,4271,193,47645
2020-03-10,117296,4255,62840,4738,275,50201
2020-03-11,124708,4607,65435,7412,352,54666
2020-03-12,131403,4928,66763,6695,321,59712
2020-03-13,144500,5431,68688,13097,503,70381
2020-03-14,155321,5857,71054,10821,426,78410
2020-03-15,166458,6528,74463,11137,671,85467
2020-03-16,180874,7236,76517,14416,708,97121
2020-03-17,195894,8085,79261,15020,849,108548
2020-03-18,213212,9036,81748,17318,951,122428
2020-03-19,240047,10177,83389,26835,1141,146481
2020-03-20,269234,11748,85834,29187,1571,171652
2020-03-21,301158,13553,90080,31924,1805,197525
2020-03-22,334908,15377,96297,33750,1824,223234
2020-03-23,376817,17466,96785,41909,2089,262566
2020-03-24,417999,19887,106304,41182,2421,291808
2020-03-25,468901,22845,112010,50902,2958,334046
2020-03-26,528771,26086,120381,59870,3241,382304
2020-03-27,591833,29718,129094,63062,3632,433021
2020-03-28,660484,33750,137394,68651,4032,489340
2020-03-29,716059,37553,146850,55575,3803,531656
2020-03-30,779835,41903,162186,63776,4350,575746
2020-03-31,857044,47036,174650,77209,5133,635358
2020-04-01,942085,53657,190190,85041,6621,698238
2020-04-02,1022806,59861,206922,80721,6204,756023
2020-04-03,1105683,66310,221904,82877,6449,817469
2020-04-04,1164468,72586,241911,58785,6276,849971
2020-04-05,1234990,78432,255312,70522,5846,901246
2020-04-06,1308215,84791,271776,73225,6359,951648
2020-04-07,1375765,93230,294500,67550,8439,988035
2020-04-08,1456698,100361,323018,80933,7131,1033319
2020-04-09,1542499,108413,347263,85801,8052,1086823
2020-04-10,1627773,116060,368306,85274,7647,1143407
2020-04-11,1701906,122923,393821,74133,6863,1185162
2020-04-12,1819144,129328,412669,117238,6405,1277147
2020-04-13,1889177,135711,439291,70033,6383,1314175
2020-04-14,1972108,142932,463911,82931,7221,1365265
2020-04-15,2048610,151543,499694,76502,8611,1397373
2020-04-16,2141299,159119,529844,92689,7576,1452336
2020-04-17,2227045,167860,555180,85746,8741,1504005
2020-04-18,2303770,174151,578625,76725,6291,1550994
2020-04-19,2378386,180081,609521,74616,5930,1588784
2020-04-20,2453153,186448,631002,74767,6367,1635703
2020-04-21,2527646,193483,665158,74493,7035,1669005
2020-04-22,2607836,200598,693977,80190,7115,1713261
2020-04-23,2688739,207687,722399,80903,7089,1758653
2020-04-24,2770642,214351,772035,81903,6664,1784256
2020-04-25,2852260,220220,798921,81618,5869,1833119
2020-04-26,2921837,224899,826860,69577,4679,1870078
2020-04-27,2991165,230165,853354,69328,5266,1907646
2020-04-28,3065474,236587,885597,74309,6422,1943290
2020-04-29,3141113,243359,926578,75639,6772,1971176
2020-04-30,3223126,249400,990587,82013,6041,1983139
2020-05-01,3310257,254806,1027398,87131,5406,2028053
2020-05-02,3387163,260676,1066993,76906,5870,2059494
2020-05-03,3459900,264805,1098418,72737,4129,2096677
2020-05-04,3536161,269444,1131389,76261,4639,2135328
2020-05-05,3614450,275419,1166886,78289,5975,2172145
2020-05-06,3703355,282007,1211825,88905,6588,2209523
2020-05-07,3791222,287725,1250270,87867,5718,2253227
2020-05-08,3880502,293522,1285699,89280,5797,2301281
2020-05-09,3963694,298278,1338109,83192,4756,2327307
2020-05-10,4037875,302488,1371071,74181,4210,2364316
2020-05-11,4112980,306434,1417058,75105,3946,2389488
2020-05-12,4197142,312021,1453052,84162,5587,2432069
2020-05-13,4280262,317346,1507802,83120,5325,2455114
2020-05-14,4374783,322973,1546585,94521,5627,2505225
2020-05-15,4469408,328602,1593867,94625,5629,2546939
2020-05-16,4562132,333028,1649353,92724,4426,2579751
2020-05-17,4639272,336818,1689628,77140,3790,2612826
2020-05-18,4727310,341118,1741856,88038,4300,2644336
2020-05-19,4822125,346009,1793090,94815,4891,2683026
2020-05-20,4926282,351297,1851332,104157,5288,2723653
2020-05-21,5031134,356231,1901614,104852,4934,2773289
2020-05-22,5137383,361833,2009283,106249,5602,2766267
2020-05-23,5240611,366194,2063407,103228,4361,2811010
2020-05-24,5332832,369505,2118247,92221,3311,2845080
2020-05-25,5420056,371104,2181303,87224,1599,2867649
2020-05-26,5511632,375796,2235754,91576,4692,2900082
2020-05-27,5613289,380919,2298183,101657,5123,2934187
2020-05-28,5732488,385792,2364322,119199,4873,2982374
2020-05-29,5852854,390848,2440641,120366,5056,3021365
2020-05-30,5987125,395149,2510473,134271,4301,3081503
2020-05-31,6089245,398379,2586157,102120,3230,3104709
2020-06-01,6188712,402073,2640198,99467,3694,3146441
2020-06-02,6310673,407292,2743671,121961,5219,3159710
2020-06-03,6421198,412857,2821967,110525,5565,3186374
2020-06-04,6558809,418320,2891354,137611,5463,3249135
2020-06-05,6691686,423332,2959624,132877,5012,3308730
2020-06-06,6820436,427412,3030803,128750,4080,3362221
2020-06-07,6931005,430628,3085323,110569,3216,3415054
2020-06-08,7033590,435037,3236258,102585,4409,3362295
2020-06-09,7159116,440046,3317749,125526,5009,3401321
2020-06-10,7295763,445442,3395814,136647,5396,3454507
2020-06-11,7431508,450547,3480771,135745,5105,3500190
2020-06-12,7558501,455260,3559587,126993,4713,3543654
2020-06-13,7692018,459625,3644653,133517,4365,3587740
2020-06-14,7823623,463383,3714652,131605,3758,3645588
2020-06-15,7948128,467423,3794119,124505,4040,3686586
2020-06-16,8091638,474521,3891546,143510,7098,3725571
2020-06-17,8234436,479976,4008996,142798,5455,3745464
2020-06-18,8377102,485320,4089642,142666,5344,3802140
2020-06-19,8557704,491654,4184094,180602,6334,3881956
2020-06-20,8743237,496101,4299435,185533,4447,3947701
2020-06-21,8835938,500723,4367694,92701,4622,3967521
2020-06-22,8977896,504576,4458854,141958,3853,4014466
2020-06-23,9145667,510121,4562459,167771,5545,4073087
2020-06-24,9316777,515591,4677798,171110,5470,4123388
2020-06-25,9495961,520681,4770342,179184,5090,4204938
2020-06-26,9688083,525756,4875999,192122,5075,4286328
2020-06-27,9864069,530479,4982015,175986,4723,4351575
2020-06-28,10032193,534090,5070969,168124,3611,4427134
2020-06-29,10184542,538144,5164529,152349,4054,4481869
2020-06-30,10367963,543381,5281441,183421,5237,4543141
2020-07-01,10582841,548712,5397057,214878,5331,4637072
2020-07-02,10787428,554209,5681512,204587,5497,4551707
2020-07-03,10989711,559442,5791028,202283,5233,4639241
2020-07-04,11179157,564226,5986505,189446,4784,4628426
2020-07-05,11365182,568062,6105600,186025,3836,4691520
2020-07-06,11533064,572316,6228909,167882,4254,4731839
2020-07-07,11742292,578668,6373662,209228,6352,4789962
2020-07-08,11957226,584280,6531272,214934,5612,4841674
2020-07-09,12181467,590117,6665597,224241,5837,4925753
2020-07-10,12413959,595846,6804668,232492,5729,5013445
2020-07-11,12626515,600978,6930037,212556,5132,5095500
2020-07-12,12819211,605276,7041688,192696,4298,5172247
2020-07-13,13013062,609701,7181569,193851,4425,5221792
2020-07-14,13233592,615680,7323482,220530,5979,5294430
2020-07-15,13462891,621584,7482930,229299,5904,5358377
2020-07-16,13707249,627735,7635049,244358,6151,5444465
2020-07-17,13944102,634757,7794596,236853,7022,5514749
2020-07-18,14179026,641282,7945216,234924,6525,5592528
2020-07-19,14390608,646172,8033082,211582,4890,5711354
2020-07-20,14597915,650129,8191756,207307,3957,5756030
2020-07-21,14840429,656460,8366171,242514,6331,5817798
2020-07-22,15115361,663872,8545628,274932,7412,5905861
2020-07-23,15394208,670498,8721408,278847,6626,6002302
2020-07-24,15677245,676954,8949127,283037,6456,6051164
2020-07-25,15926421,683015,9168660,249176,6061,6074746
2020-07-26,16137847,687418,9311697,211426,4403,6138732
2020-07-27,16371546,692699,9482589,233699,5281,6196258
2020-07-28,16635017,699628,9652792,263471,6929,6282597
2020-07-29,16904699,706251,9855049,269682,6623,6343399
2020-07-30,17185953,713014,10068194,281254,6763,6404745
2020-07-31,17472888,719616,10267227,286935,6602,6486045
2020-08-01,17718839,725597,10447968,245951,5981,6545274
2020-08-02,17949198,730279,10586535,230359,4682,6632384
2020-08-03,18154923,735133,10808863,205725,4854,6610927
2020-08-04,18419436,742294,11031642,264513,7161,6645500
2020-08-05,18694132,749664,11252992,274696,7370,6691476
2020-08-06,18980405,756504,11441466,286273,6840,6782435
2020-08-07,19262243,763252,11633030,281838,6748,6865961
2020-08-08,19527138,769270,11833122,264895,6018,6924746
2020-08-09,19759819,774458,12011712,232681,5188,6973649
2020-08-10,19992238,779828,12173255,232419,5370,7039155
2020-08-11,20257297,786435,12477837,265059,6607,6993025
2020-08-12,20531955,793401,12718077,274658,6966,7020477
2020-08-13,20821371,800181,12881488,289416,6780,7139702
2020-08-14,21127879,806741,13164265,306508,6560,7156873
2020-08-15,21376534,812787,13332527,248655,6046,7231220
2020-08-16,21586252,817578,13565176,209718,4791,7203498
2020-08-17,21798784,822195,13775916,212532,4617,7200673
2020-08-18,22057128,829233,14002803,258344,7038,7225092
2020-08-19,22334110,835646,14220266,276982,6413,7278198
2020-08-20,22605192,842065,14427700,271082,6419,7335427
2020-08-21,22866292,847822,14595583,261100,5757,7422887
2020-08-22,23129433,853608,14805177,263141,5786,7470648
2020-08-23,23331764,857907,15021449,202331,4299,7452408
2020-08-24,23559001,862752,15220085,227237,4845,7476164
2020-08-25,23803698,869307,15451112,244697,6555,7483279
2020-08-26,24084746,875837,15676300,281048,6530,7532609
2020-08-27,24371408,882045,15883087,286662,6208,7606276
2020-08-28,24654680,887855,16081684,283272,5810,7685141
2020-08-29,24914959,893637,16292794,260279,5782,7728528
2020-08-30,25134283,897905,16502831,219324,4268,7733547
2020-08-31,25397397,902327,16702973,263114,4422,7792097
2020-09-01,25663556,908920,16960506,266159,6593,7794130
2020-09-02,25944733,915229,17179293,281177,6309,7850211
2020-09-03,26229346,921319,17400031,284613,6090,7907996
2020-09-04,26530314,927156,17612889,300968,5837,7990269
2020-09-05,26803516,932245,17813579,273202,5089,8057692
2020-09-06,27031913,936373,18025095,228397,4128,8070445
2020-09-07,27248608,945991,18222352,216695,9618,8080265
2020-09-08,27493492,951103,18423081,244884,5112,8119308
2020-09-09,27778117,957361,18662911,284625,6258,8157845
2020-09-10,28081395,963348,18878402,303278,5987,8239645
2020-09-11,28396796,969345,19101326,315401,5997,8326125
2020-09-12,28684729,974394,19323832,287933,5049,8386503
2020-09-13,28932725,978350,19511287,247996,3956,8443088
2020-09-14,29198287,982943,19738851,265562,4593,8476493
2020-09-15,29477640,989493,19964311,279353,6550,8523836
2020-09-16,29781266,995351,20193049,303626,5858,8592866
2020-09-17,30095520,1000990,20412548,314254,5639,8681982
2020-09-18,30420742,1006828,20662903,325222,5838,8751011
2020-09-19,30712587,1012091,20899426,291845,5263,8801070
2020-09-20,30966513,1016066,21135879,253926,3975,8814568
2020-09-21,31224568,1020479,21380130,258055,4413,8823959
2020-09-22,31507427,1026618,21597971,282859,6139,8882838
2020-09-23,31817460,1033153,21860123,310033,6535,8924184
2020-09-24,32136804,1038808,22114844,319344,5655,8983152
2020-09-25,32465399,1044814,22352813,328595,6006,9067772
2020-09-26,32749672,1050237,22614272,284273,5423,9085163
2020-09-27,32994948,1054108,22827147,245276,3871,9113693
2020-09-28,33253659,1058202,23048301,258711,4094,9147156
2020-09-29,33534211,1064233,23287987,280552,6031,9181991
2020-09-30,33856513,1070636,23534747,322302,6403,9251130
2020-10-01,34173534,1079511,23754567,317021,8875,9339456
2020-10-02,34500739,1085148,23925548,327205,5637,9490043
2020-10-03,34796223,1089879,24180101,295484,4731,9526243
2020-10-04,35054910,1093899,24400341,258687,4020,9560670
2020-10-05,35363691,1100961,24635392,308781,7062,9627338
2020-10-06,35677507,1106798,24865973,313816,5837,9704736
2020-10-07,36024450,1112696,25119310,346943,5898,9792444
2020-10-08,36381162,1119058,25336825,356712,6362,9925279
2020-10-09,36738957,1125220,25540978,357795,6162,10072759
2020-10-10,37092568,1130095,25734504,353611,4875,10227969
2020-10-11,37379961,1134272,25954940,287393,4177,10290749
2020-10-12,37668317,1138379,26153773,288356,4107,10376165
2020-10-13,37983997,1143696,26342571,315680,5317,10497730
2020-10-14,38362050,1149833,26552835,378053,6137,10659382
2020-10-15,38766360,1156021,26757857,404310,6188,10852482
2020-10-16,39174309,1162201,26958633,407949,6180,11053475
2020-10-17,39544518,1167906,27156737,370209,5705,11219875
2020-10-18,39873625,1171843,27354666,329107,3937,11347116
2020-10-19,40245163,1176649,27554182,371538,4806,11514332
2020-10-20,40631402,1183250,27763319,386239,6601,11684833
2020-10-21,41068169,1190111,27977458,436767,6861,11900600
2020-10-22,41547427,1196053,28202269,479258,5942,12149105
2020-10-23,42037982,1203123,28401631,490555,7070,12433228
2020-10-24,42492126,1209008,28611824,454144,5885,12671294
2020-10-25,42848888,1213341,28806822,356762,4333,12828725
2020-10-26,43327471,1219141,29043015,478583,5800,13065315
2020-10-27,43793004,1226496,29630408,465533,7355,12936100
2020-10-28,44311703,1233629,29893454,518699,7133,13184620
2020-10-29,44859959,1240830,30137569,548256,7201,13481560
2020-10-30,45427971,1248556,30390038,568012,7726,13789377
2020-10-31,45897617,1255182,30632311,469646,6626,14010124
2020-11-01,46334109,1260496,30888395,436492,5314,14185218
2020-11-02,46878978,1266920,31166131,544869,6424,14445927
2020-11-03,47439654,1276431,31413846,560676,9511,14749377
2020-11-04,47928780,1286279,31690710,489126,9848,14951791
2020-11-05,48543890,1294970,31992505,615110,8691,15256415
2020-11-06,49162108,1304064,32276697,618218,9094,15581347
2020-11-07,49756932,1311799,32573461,594824,7735,15871672
2020-11-08,50243570,1318144,32824681,486638,6345,16100745
2020-11-09,50748361,1325663,33078153,504791,7519,16344545
2020-11-10,51314328,1335372,33332221,565967,9709,16646735
2020-11-11,51934705,1345719,33710269,620377,10347,16878717
2020-11-12,52569240,1355354,33932676,634535,9635,17281210
2020-11-13,53225111,1365192,34230677,655871,9838,17629242
2020-11-14,53807677,1374294,34505706,582566,9102,17927677
2020-11-15,54293621,1381142,34732853,485944,6848,18179626
2020-11-16,54813296,1389114,35119178,519675,7972,18305004
2020-11-17,55411056,1400011,35548503,597760,10897,18462542
2020-11-18,56028461,1411370,35907223,617405,11359,18709868
2020-11-19,56677266,1422431,36277150,648805,11061,18977685
2020-11-20,57345982,1434138,36627864,668716,11707,19283980
2020-11-21,57933545,1443369,36963165,587563,9231,19527011
2020-11-22,58426864,1450975,37233264,493319,7606,19742625
2020-11-23,58953959,1459617,37639162,527095,8642,19855180
2020-11-24,59539119,1472031,38007228,585160,12414,20059860
2020-11-25,60150392,1483924,38440837,611273,11893,20225631
2020-11-26,60733543,1494772,38803804,583151,10848,20434967
2020-11-27,61422884,1506205,39179711,689341,11433,20736968
2020-11-28,62024707,1515643,39535062,601823,9438,20974002
2020-11-29,62514766,1523214,39849669,490059,7571,21141883
2020-11-30,63013491,1532182,40246312,498725,8968,21234997
2020-12-01,63622438,1544487,40717440,608947,12305,21360511
2020-12-02,64256134,1556861,41175093,633696,12374,21524180
2020-12-03,64940060,1569471,41597279,683926,12610,21773310
2020-12-04,65629387,1581800,42082151,689327,12329,21965436
2020-12-05,66265374,1592320,42512973,635987,10520,22160081
2020-12-06,66803190,1600330,42824180,537816,8010,22378680
2020-12-07,67330052,1609029,43227590,526862,8699,22493433
2020-12-08,67954320,1620964,43662699,624268,11935,22670657
2020-12-09,68613144,1633414,44083105,658824,12450,22896625
2020-12-10,70101794,1645697,44568621,1488650,12283,23887476
2020-12-11,70800244,1658731,45039797,698450,13034,24101716
2020-12-12,71442497,1669447,46538601,642253,10716,23234449
2020-12-13,71975032,1677581,46928885,532535,8134,23368566
2020-12-14,72517459,1686619,40932276,542427,9038,29898564
2020-12-15,73159539,1699721,41283853,642080,13102,30175965
2020-12-16,73870011,1713488,41640112,710472,13767,30516411
2020-12-17,74600958,1726489,42008987,730947,13001,30865482
2020-12-18,75314951,1739411,42319215,713993,12922,31256325
2020-12-19,75944021,1750556,42664745,629070,11145,31528720
2020-12-20,76485017,1758836,42936252,540996,8280,31789929
2020-12-21,77023361,1768199,43271946,538344,9363,31983216
2020-12-22,77668098,1781912,43626872,644737,13713,32259314
2020-12-23,78343372,1795497,43944262,675274,13585,32603613
2020-12-24,79030008,1807545,44254752,686636,12048,32967711
2020-12-25,79517111,1816055,44545596,487103,8510,33155460
2020-12-26,80044213,1824296,44951781,527102,8241,33268136
2020-12-27,80451659,1832316,45233646,407446,8020,33385697
2020-12-28,80944420,1841741,45519896,492761,9425,33582783
2020-12-29,81606723,1856466,45862930,662303,14725,33887327
2020-12-30,82324095,1871792,46243692,717372,15326,34208611
2020-12-31,83156581,1885136,46538487,832486,13344,34732958
2021-01-01,83713696,1894687,46840905,557115,9551,34978104
2021-01-02,84311993,1904039,47092966,598297,9352,35314988
2021-01-03,84822257,1911902,47348203,510264,7863,35562152
2021-01-04,85369720,1921613,47625621,547463,9711,35822486
2021-01-05,86102892,1936879,47934537,733172,15266,36231476
2021-01-06,86884618,1951657,48240079,781726,14778,36692882
2021-01-07,87744921,1966425,48556597,860303,14768,37221899
2021-01-08,88570816,1981572,48845835,825895,15147,37743409
2021-01-09,89319173,1994747,49169363,748357,13175,38155063
2021-01-10,89913558,2004177,49433367,594385,9430,38476014
2021-01-11,90520078,2014319,49713395,606520,10142,38792364
2021-01-12,91204963,2031120,50048645,684885,16801,39125198
2021-01-13,91940229,2047391,50406198,735266,16271,39486640
2021-01-14,92691535,2062948,50770281,751306,15557,39858306
2021-01-15,93467524,2078475,51082239,775989,15527,40306810
2021-01-16,94117572,2092369,51392707,650048,13894,40632496
2021-01-17,94639461,2102084,51701091,521889,9715,40836286
2021-01-18,95149637,2112390,52011799,510176,10306,41025448
2021-01-19,95736168,2127919,52406832,586531,15529,41201417
2021-01-20,96416304,2145454,52726328,680136,17535,41544522
2021-01-21,97078282,2162587,53085093,661978,17133,41830602
2021-01-22,97735384,2178456,53459459,657102,15869,42097469
2021-01-23,98306910,2192891,53771353,571526,14435,42342666
2021-01-24,98764077,2202509,54074258,457167,9618,42487310
2021-01-25,99239840,2213462,54381450,475763,10953,42644928
2021-01-26,99795442,2230763,54703345,555602,17301,42861334
2021-01-27,100391019,2247582,55037275,595577,16819,43106162
2021-01-28,101000520,2263891,55347365,609501,16309,43389264
2021-01-29,101583478,2279503,55704851,582958,15612,43599124
2021-01-30,102093986,2292635,56050391,510508,13132,43750960
2021-01-31,102486392,2302085,56334719,392406,9450,43849588
2021-02-01,102924529,2312205,56599247,438137,10120,44013077
2021-02-02,103385501,2326965,56944947,460972,14760,44113589
2021-02-03,103905912,2342666,57269927,520411,15701,44293319
2021-02-04,104372634,2355418,57560083,466722,12752,44457133
2021-02-05,104904408,2372489,57844418,531774,17071,44687501
2021-02-06,105335637,2384232,58135042,431229,11743,44816363
2021-02-07,105684050,2391921,58408706,348413,7689,44883423
2021-02-08,106020075,2401402,58621481,336025,9481,44997192
2021-02-09,106423478,2416040,58988440,403403,14638,45018998
2021-02-10,106859325,2429792,59253193,435847,13752,45176340
2021-02-11,107298592,2443560,59523966,439267,13768,45331066
2021-02-12,107724032,2456349,59807384,425440,12789,45460299
2021-02-13,108101396,2466954,60051214,377364,10605,45583228
2021-02-14,108406655,2473982,60243423,305259,7028,45689250
2021-02-15,108685040,2481753,60528966,278385,7771,45674321
2021-02-16,109039701,2492776,60756537,354661,11023,45790388
2021-02-17,109422340,2504080,61046444,382639,11304,45871816
2021-02-18,109828747,2515993,61278417,406407,11913,46034337
2021-02-19,110234538,2527557,61509038,405791,11564,46197943
2021-02-20,110606362,2536593,61774643,371824,9036,46295126
2021-02-21,110922806,2543330,61988798,316444,6737,46390678
2021-02-22,111214233,2550521,62166769,291427,7191,46496943
2021-02-23,111603461,2561953,62440217,389228,11432,46601291
2021-02-24,112044944,2574344,62646199,441483,12391,46824401
2021-02-25,112494015,2585278,62869880,449071,10934,47038857
2021-02-26,112932157,2595773,63125918,438142,10495,47210466
2021-02-27,113325771,2604436,63373183,393614,8663,47348152
2021-02-28,113630784,2610887,63545477,305013,6451,47474420
2021-03-01,113932461,2618355,63756173,301677,7468,47557933
2021-03-02,114242309,2628565,64021885,309848,10210,47591859
2021-03-03,114680665,2640053,64246890,438356,11488,47793722
2021-03-04,115134997,2650401,64494015,454332,10348,47990581
2021-03-05,115580359,2660891,64715893,445362,10490,48203575
2021-03-06,115991075,2669117,64949040,410716,8226,48372918
2021-03-07,116362700,2675160,65185058,371625,6043,48502482
2021-03-08,116664152,2682306,65455286,301452,7146,48526560
2021-03-09,117074897,2692763,65713267,410745,10457,48668867
2021-03-10,117530189,2702877,65944964,455292,10114,48882348
2021-03-11,118015875,2713044,66214675,485686,10167,49088156
2021-03-12,118500911,2722862,66479411,485036,9818,49298638
2021-03-13,118953318,2731477,66728500,452407,8615,49493341
2021-03-14,119315675,2737431,66971083,362357,5954,49607161
2021-03-15,119665789,2744901,67257024,350114,7470,49663864
2021-03-16,120128827,2755477,67520044,463038,10576,49853306
2021-03-17,120670517,2766021,67780770,541690,10544,50123726
2021-03-18,121214102,2776692,68045877,543585,10671,50391533
2021-03-19,121771772,2787467,68321496,557670,10775,50662809
2021-03-20,122266453,2796169,68576894,494681,8702,50893390
2021-03-21,122703441,2804675,68854229,436988,8506,51044537
2021-03-22,123119270,2812588,69184478,415829,7913,51122204
2021-03-23,123620699,2824043,69494075,501429,11455,51302581
2021-03-24,124245074,2834613,69826034,624375,10570,51584427
2021-03-25,124891815,2846123,70133988,646741,11510,51911704
2021-03-26,125525916,2858841,70493873,634101,12718,52173202
2021-03-27,126106011,2869010,70796072,580095,10169,52440929
2021-03-28,126594298,2876253,71121784,488287,7243,52596261
2021-03-29,127046804,2884888,71421472,452506,8635,52740444
2021-03-30,127603492,2896751,71753346,556688,11863,52953395
2021-03-31,128270408,2909632,72128791,666916,12881,53231985
2021-04-01,128973554,2921882,72468973,703146,12250,53582699
2021-04-02,129613367,2932489,72787516,639813,10607,53893362
2021-04-03,130147516,2941793,73148288,534149,9304,54057435
2021-04-04,130702823,2949183,73494537,555307,7390,54259103
2021-04-05,131192014,2957406,73835449,489191,8223,54399159
2021-04-06,131788136,2969800,74196488,596122,12394,54621848
2021-04-07,132442860,2985117,74674101,654724,15317,54783642
2021-04-08,133269876,2999367,75063411,827016,14250,55207098
2021-04-09,134007746,3013663,75511006,737870,14296,55483077
2021-04-10,134670173,3026625,75890877,662427,12962,55752671
2021-04-11,135372312,3035708,76415922,702139,9083,55920682
2021-04-12,135975549,3045568,76802237,603237,9860,56127744
2021-04-13,136730966,3059315,77281748,755417,13747,56389903
2021-04-14,137532711,3073342,77721907,801745,14027,56737462
2021-04-15,138343918,3086931,78158401,811207,13589,57098586
2021-04-16,139195237,3100258,78654811,851319,13327,57440168
2021-04-17,139981137,3112810,79166467,785900,12552,57701860
2021-04-18,140673779,3121908,79739910,692642,9098,57811961
2021-04-19,141354883,3132986,80263956,681104,11078,57957941
2021-04-20,142186258,3147220,80860656,831375,14234,58178382
2021-04-21,143066948,3161905,81363988,880690,14685,58541055
2021-04-22,143956941,3175753,81989353,889993,13848,58791835
2021-04-23,144856161,3190938,82619910,899220,15185,59045313
2021-04-24,145672944,3204009,83188624,816783,13071,59280311
2021-04-25,146394513,3214733,83715176,721569,10724,59464604
2021-04-26,147074685,3226291,84391922,680172,11558,59456472
2021-04-27,147906034,3241235,85062941,831349,14944,59601858
2021-04-28,148796314,3257115,85650961,890280,15880,59888238
2021-04-29,149681747,3272791,86348594,885433,15676,60060362
2021-04-30,150564909,3287151,87025173,883162,14360,60252585
2021-05-01,151351920,3300142,87700225,787011,12991,60351553
2021-05-02,152032785,3310427,88387490,680865,10285,60334868
2021-05-03,152714752,3322064,89018783,681967,11637,60373905
2021-05-04,153492573,3336059,89667375,777821,13995,60489139
2021-05-05,154326631,3350900,90372824,834058,14841,60602907
2021-05-06,155191184,3365430,91039784,864553,14530,60785970
2021-05-07,156018074,3379846,91727828,826890,14416,60910400
2021-05-08,156799656,3393126,92432755,781582,13280,60973775
2021-05-09,157443308,3403531,93089540,643652,10405,60950237
2021-05-10,158061754,3414557,93707555,618446,11026,60939642
2021-05-11,158781296,3428689,94450624,719542,14132,60901983
2021-05-12,159541963,3442770,95090302,760667,14081,61008891
2021-05-13,160269977,3456139,95773203,728014,13369,61040635
2021-05-14,160973195,3469117,96429093,703218,12978,61074985
2021-05-15,161599755,3481358,97065229,626560,12241,61053168
2021-05-16,162141852,3491612,97726907,542097,10254,60923333
2021-05-17,162680200,3502899,98461111,538348,11287,60716190
2021-05-18,163295217,3516934,99196712,615017,14035,60581571
2021-05-19,163962010,3530338,99887523,666793,13404,60544149
2021-05-20,164239592,3543467,100517670,277582,13129,60178455
2021-05-21,164861349,3556385,101125933,621757,12918,60179031
2021-05-22,165430011,3567784,101738426,568662,11399,60123801
2021-05-23,165908560,3577613,102236166,478549,9829,60094781
2021-05-24,166357000,3586723,102858518,448440,9110,59911759
2021-05-25,166886815,3599635,103428166,529815,12912,59859014
2021-05-26,167451885,3612398,103978839,565070,12763,59860648
2021-05-27,167995470,3625283,104667375,543585,12885,59702812
2021-05-28,168497805,3637270,105217014,502335,11987,59643521
2021-05-29,168975690,3648032,105720459,477885,10762,59607199
2021-05-30,169363556,3656395,106206727,387866,8363,59500434
2021-05-31,169748123,3665053,106730164,384567,8658,59352906
2021-06-01,170206041,3680244,107309601,457918,15191,59216196
2021-06-02,170691221,3692120,107834045,485180,11876,59165056
2021-06-03,171169379,3702241,108259648,478158,10121,59207490
2021-06-04,171592286,3712859,108782001,422907,10618,59097426
2021-06-05,171987205,3722236,109257771,394919,9377,59007198
2021-06-06,172308864,3729527,109696875,321659,7291,58882462
2021-06-07,172629092,3737561,110115220,320228,8034,58776311
2021-06-08,172997795,3748181,110527557,368703,10620,58722057
2021-06-09,173414240,3758308,110977287,416445,10127,58678645
2021-06-10,173866074,3774255,111388119,451834,15947,58703700
2021-06-11,174286630,3785980,111761193,420556,11725,58739457
2021-06-12,174653637,3795760,112098271,367007,9780,58759606
2021-06-13,174955357,3805011,112526298,301720,9251,58624048
2021-06-14,175263475,3812982,112870483,308118,7971,58580010
2021-06-15,175637064,3823699,113328528,373589,10717,58484837
2021-06-16,176025000,3833747,113675776,387936,10048,58515477
2021-06-17,176419661,3843028,114054405,394661,9281,58522228
2021-06-18,176821843,3852205,114372388,402182,9177,58597250
2021-06-19,177168037,3860248,114702849,346194,8043,58604940
2021-06-20,177471970,3867089,114966888,303933,6841,58637993
2021-06-21,177767810,3874060,115321896,295840,6971,58571854
2021-06-22,178177074,3882970,115623877,409264,8910,58670227
2021-06-23,178572447,3892286,116022240,395373,9316,58657921
2021-06-24,178980472,3900919,116310790,408025,8633,58768763
2021-06-25,179396904,3910143,116638308,416432,9224,58848453
2021-06-26,179758659,3917663,116932006,361755,7520,58908990
2021-06-27,180068963,3923741,117189736,310304,6078,58955486
2021-06-28,180400927,3930287,117514943,331964,6546,58955697
2021-06-29,180781001,3938403,117807240,380074,8116,59035358
2021-06-30,181179203,3947577,118087142,398202,9174,59144484
2021-07-01,181613576,3956089,118514571,434373,8512,59142916
2021-07-02,182054275,3964437,118803924,440699,8348,59285914
2021-07-03,182426481,3971315,119073158,372206,6878,59382008
2021-07-04,182752909,3977934,119371677,326428,6619,59403298
2021-07-05,183129447,3985306,119736838,376538,7372,59407303
2021-07-06,183578042,3993762,120063806,448595,8456,59520474
2021-07-07,184041893,4002297,120331237,463851,8535,59708359
2021-07-08,184521362,4011192,120623320,479469,8895,59886850
2021-07-09,185032671,4019586,120961106,511309,8394,60051979
2021-07-10,185451695,4026126,121404991,419024,6540,60020578
2021-07-11,185820308,4033727,121694424,368613,7601,60092157
2021-07-12,186252279,4041851,121995466,431971,8124,60214962
2021-07-13,186776192,4050203,122278072,523913,8352,60447917
2021-07-14,187312248,4058765,122607160,536056,8562,60646323
2021-07-15,187886878,4067361,122887315,574630,8596,60932202
2021-07-16,188480997,4076085,123277325,594119,8724,61127587
2021-07-17,188967418,4083566,123556627,486421,7481,61327225
2021-07-18,189386040,4090142,123872314,418622,6576,61423584
2021-07-19,189873549,4097344,124178295,487509,7202,61597910
2021-07-20,190404352,4118019,124496551,530803,20675,61789782
2021-07-21,190958183,4126650,124801092,553831,8631,62030441
2021-07-22,191520799,4135386,125155740,562616,8736,62229673
2021-07-23,192246841,4143693,125400028,726042,8307,62703120
2021-07-24,192676871,4152327,125916745,430030,8634,62607799
2021-07-25,193120638,4159679,126243763,443767,7352,62717196
2021-07-26,193658865,4168154,126541392,538227,8475,62949319
2021-07-27,194262846,4177900,126885727,603981,9746,63199219
2021-07-28,194909458,4187984,127221613,646612,10084,63499861
2021-07-29,195549450,4198222,127568828,639992,10238,63782400
2021-07-30,196278548,4207789,127874810,729098,9567,64195949
2021-07-31,196793166,4216599,128178244,514618,8810,64398323
2021-08-01,197274251,4223986,128464790,481085,7387,64585475
2021-08-02,197843557,4232118,128742844,569306,8132,64868595
2021-08-03,198474231,4242443,129045421,630674,10325,65186367
2021-08-04,199152496,4252897,129357529,678265,10454,65542070
2021-08-05,199834821,4263858,0,682325,10961,195570963
2021-08-06,200651055,4274284,0,816234,10426,196376771
2021-08-07,201210209,4282918,0,559154,8634,196927291
2021-08-08,201676433,4290394,0,466224,7476,197386039
2021-08-09,202291828,4299197,0,615395,8803,197992631
2021-08-10,202934892,4310694,0,643064,11497,198624198
2021-08-11,203662136,4321199,0,727244,10505,199340937
2021-08-12,204364607,4331688,0,702471,10489,200032919
2021-08-13,205162882,4342134,0,798275,10446,200820748
2021-08-14,205713527,4350854,0,550645,8720,201362673
2021-08-15,206178535,4358287,0,465008,7433,201820248
2021-08-16,206838489,4368126,0,659954,9839,202470363
2021-08-17,207517852,4378797,0,679363,10671,203139055
2021-08-18,208249903,4389555,0,732051,10758,203860348
2021-08-19,208957757,4400961,0,707854,11406,204556796
2021-08-20,209738958,4411432,0,781201,10471,205327526
2021-08-21,210295676,4420340,0,556718,8908,205875336
2021-08-22,210741966,4428097,0,446290,7757,206313869
2021-08-23,211420719,4438113,0,678753,10016,206982606
2021-08-24,212093828,4449092,0,673109,10979,207644736
2021-08-25,212826924,4460384,0,733096,11292,208366540
2021-08-26,213558970,4471955,0,732046,11571,209087015
2021-08-27,214305125,4482331,0,746155,10376,209822794
2021-08-28,214859725,4490745,0,554600,8414,210368980
2021-08-29,215304701,4497547,0,444976,6802,210807154
2021-08-30,215969734,4507093,0,665033,9546,211462641
2021-08-31,216586638,4516374,0,616904,9281,212070264
2021-09-01,217300891,4528757,0,714253,12383,212772134
2021-09-02,217972921,4539970,0,672030,11213,213432951
2021-09-03,218691577,4550673,0,718656,10703,214140904
2021-09-04,219186012,4558424,0,494435,7751,214627588
2021-09-05,219630774,4564986,0,444762,6562,215065788
2021-09-06,220106697,4573143,0,475923,8157,215533554
2021-09-07,220753399,4583553,0,646702,10410,216169846
2021-09-08,221386769,4593580,0,633370,10027,216793189
2021-09-09,222022210,4604290,0,635441,10710,217417920
2021-09-10,222675866,4613426,0,653656,9136,218062440
2021-09-11,223142861,4621776,0,466995,8350,218521085
2021-09-12,223511079,4627421,0,368218,5645,218883658
2021-09-13,224080007,4636530,0,568928,9109,219443477
2021-09-14,224625035,4646399,0,545028,9869,219978636
2021-09-15,225186998,4656771,0,561963,10372,220530227
2021-09-16,225769331,4667253,0,582333,10482,221102078
2021-09-17,226387127,4676261,0,617796,9008,221710866
2021-09-18,226908692,4682722,0,521565,6461,222225970
2021-09-19,227270006,4688801,0,361314,6079,222581205
2021-09-20,227791353,4697125,0,521347,8324,223094228
2021-09-21,228275726,4706414,0,484373,9289,223569312
2021-09-22,228806129,4716070,0,530403,9656,224090059
2021-09-23,229348724,4725857,0,542595,9787,224622867
2021-09-24,229892933,4734500,0,544209,8643,225158433
2021-09-25,230265142,4739944,0,372209,5444,225525198
2021-09-26,230619388,4745457,0,354246,5513,225873931
2021-09-27,231090930,4753168,0,471542,7711,226337762
2021-09-28,231537884,4762473,0,446954,9305,226775411
2021-09-29,232024050,4771687,0,486166,9214,227252363
2021-09-30,232509823,4780507,0,485773,8820,227729316
2021-10-01,233026303,4789072,0,516480,8565,228237231
2021-10-02,233374778,4794983,0,348475,5911,228579795
2021-10-03,233682099,4799331,0,307321,4348,228882768
2021-10-04,234120891,4806499,0,438792,7168,229314392
2021-10-05,234540443,4813802,0,419552,7303,229726641
2021-10-06,235043310,4822867,0,502867,9065,230220443
2021-10-07,235500688,4831787,0,457378,8920,230668901
2021-10-08,235971647,4839294,0,470959,7507,231132353
2021-10-09,236309797,4844100,0,338150,4806,231465697
2021-10-10,236624407,4848837,0,314610,4737,231775570
2021-10-11,237010733,4854782,0,386326,5945,232155951
2021-10-12,237441590,4862668,0,430857,7886,232578922
2021-10-13,237894973,4871483,0,453383,8815,233023490
2021-10-14,238344719,4879431,0,449746,7948,233465288
2021-10-15,238798936,4886581,0,454217,7150,233912355
2021-10-16,239138335,4891904,0,339399,5323,234246431
2021-10-17,239449951,4896234,0,311616,4330,234553717
2021-10-18,239871939,4902740,0,421988,6506,234969199
2021-10-19,240300760,4910632,0,428821,7892,235390128
2021-10-20,240773851,4919251,0,473091,8619,235854600
2021-10-21,241232674,4926985,0,458823,7734,236305689
2021-10-22,241722600,4935085,0,489926,8100,236787515
2021-10-23,242090747,4940941,0,368147,5856,237149806
2021-10-24,242398150,4945567,0,307403,4626,237452583
2021-10-25,242846942,4952389,0,448792,6822,237894553
2021-10-26,243271285,4960088,0,424343,7699,238311197
2021-10-27,243782330,4969175,0,511045,9087,238813155
2021-10-28,244262421,4978056,0,480091,8881,239284365
2021-10-29,244753693,4985845,0,491272,7789,239767848
2021-10-30,245126254,4991828,0,372561,5983,240134426
2021-10-31,245473507,4996460,0,347253,4632,240477047
2021-11-01,245927611,5002875,0,454104,6415,240924736
2021-11-02,246330078,5009913,0,402467,7038,241320165
2021-11-03,246851914,5018321,0,521836,8408,241833593
2021-11-04,247366658,5025867,0,514744,7546,242340791
2021-11-05,247888338,5034428,0,521680,8561,242853910
2021-11-06,248292616,5041067,0,404278,6639,243251549
2021-11-07,248632055,5045675,0,339439,4608,243586380
2021-11-08,249151661,5052415,0,519606,6740,244099246
2021-11-09,249618168,5060375,0,466507,7960,244557793
2021-11-10,250188942,5068605,0,570774,8230,245120337
2021-11-11,250707819,5076252,0,518877,7647,245631567
2021-11-12,251303735,5085206,0,595916,8954,246218529
2021-11-13,251697643,5091471,0,393908,6265,246606172
2021-11-14,252044467,5096179,0,346824,4708,246948288
2021-11-15,252641875,5103242,0,597408,7063,247538633
2021-11-16,253146423,5110830,0,504548,7588,248035593
2021-11-17,253758869,5119949,0,612446,9119,248638920
2021-11-18,254377545,5128200,0,618676,8251,249249345
2021-11-19,254989292,5136150,0,611747,7950,249853142
2021-11-20,255425303,5142162,0,436011,6012,250283141
2021-11-21,255803502,5146787,0,378199,4625,250656715
2021-11-22,256503869,5154205,0,700367,7418,251349664
2021-11-23,257093963,5162180,0,590094,7975,251931783
2021-11-24,257748953,5170719,0,654990,8539,252578234
2021-11-25,258341662,5178551,0,592709,7832,253163111
2021-11-26,258952223,5185423,0,610561,6872,253766800
2021-11-27,259368825,5191278,0,416602,5855,254177547
2021-11-28,259756671,5196166,0,387846,4888,254560505
2021-11-29,260495129,5204047,0,738458,7881,255291082
2021-11-30,261092855,5212048,0,597726,8001,255880807
2021-12-01,261791757,5221255,0,698902,9207,256570502
2021-12-02,262495464,5231388,0,703707,10133,257264076
2021-12-03,263222454,5239952,0,726990,8564,257982502
2021-12-04,263691849,5245456,0,469395,5504,258446393
2021-12-05,264109202,5252869,0,417353,7413,258856333
2021-12-06,264808071,5260291,0,698869,7422,259547780
2021-12-07,265443850,5267981,0,635779,7690,260175869
2021-12-08,266150951,5276248,0,707101,8267,260874703
2021-12-09,266844452,5284785,0,693501,8537,261559667
2021-12-10,267534429,5292770,0,689977,7985,262241659
2021-12-11,267995059,5298590,0,460630,5820,262696469
2021-12-12,268417729,5303168,0,422670,4578,263114561
2021-12-13,269105395,5310078,0,687666,6910,263795317
2021-12-14,269736067,5317774,0,630672,7696,264418293
2021-12-15,270468015,5326768,0,731948,8994,265141247
2021-12-16,271203013,5334089,0,734998,7321,265868924
2021-12-17,271959111,5341365,0,756098,7276,266617746
2021-12-18,272480686,5347024,0,521575,5659,267133662
2021-12-19,272955405,5351357,0,474719,4333,267604048
2021-12-20,273749413,5358614,0,794008,7257,268390799
2021-12-21,274491810,5366140,0,742397,7526,269125670
2021-12-22,275385004,5376475,0,893194,10335,270008529
2021-12-23,276368572,5383709,0,983568,7234,270984863
2021-12-24,277196672,5389382,0,828100,5673,271807290
2021-12-25,277858696,5393682,0,662024,4300,272465014
2021-12-26,278415435,5397499,0,556739,3817,273017936
2021-12-27,279733955,5404433,0,1318520,6934,274329522
2021-12-28,281038728,5412070,0,1304773,7637,275626658
2021-12-29,282684874,5419959,0,1646146,7889,277264915
2021-12-30,284587060,5427339,0,1902186,7380,279159721
2021-12-31,286242262,5433645,0,1655202,6306,280808617
2022-01-01,287409710,5437878,0,1167448,4233,281971832
2022-01-02,288297475,5441233,0,887765,3355,282856242
2022-01-03,290598579,5447002,0,2301104,5769,285151577
2022-01-04,293159734,5455632,0,2561155,8630,287704102
2022-01-05,295700138,5463302,0,2540404,7670,290236836
2022-01-06,298324095,5470836,0,2623957,7534,292853259
2022-01-07,301229134,5477991,0,2905039,7155,295751143
2022-01-08,303333492,5483163,0,2104358,5172,297850329
2022-01-09,305311210,5487148,0,1977718,3985,299824062
2022-01-10,308503757,5493947,0,3192547,6799,303009810
2022-01-11,311499300,5502948,0,2995543,9001,305996352
2022-01-12,314909029,5511843,0,3409729,8895,309397186
2022-01-13,318062697,5519961,0,3153668,8118,312542736
2022-01-14,321337264,5527785,0,3274567,7824,315809479
2022-01-15,323745842,5533765,0,2408578,5980,318212077
2022-01-16,325901373,5538206,0,2155531,4441,320363167
2022-01-17,328637330,5544563,0,2735957,6357,323092767
2022-01-18,332380148,5553505,0,3742818,8942,326826643
2022-01-19,336439228,5563256,0,4059080,9751,330875972
2022-01-20,340149987,5572677,0,3710759,9421,334577310
2022-01-21,343938324,5582466,0,3788337,9789,338355858
2022-01-22,346573845,5588360,0,2635521,5894,340985485
2022-01-23,348951686,5593467,0,2377841,5107,343358219
2022-01-24,352564928,5602217,0,3613242,8750,346962711
2022-01-25,356189484,5612449,0,3624556,10232,350577035
2022-01-26,359943219,5623050,0,3753735,10601,354320169
2022-01-27,363614182,5633051,0,3670963,10001,357981131
2022-01-28,367276318,5645236,0,3662136,12185,361631082
2022-01-29,369831226,5653002,0,2554908,7766,364178224
2022-01-30,372000824,5658475,0,2169598,5473,366342349
2022-01-31,375838898,5668745,0,3838074,10270,370170153
2022-02-01,378956329,5681256,0,3117431,12511,373275073
2022-02-02,382125410,5692988,0,3169081,11732,376432422
2022-02-03,385306087,5704457,0,3180677,11469,379601630
2022-02-04,388248323,5717463,0,2942236,13006,382530860
2022-02-05,390345072,5725579,0,2096749,8116,384619493
2022-02-06,392102283,5731469,0,1757211,5890,386370814
2022-02-07,395060242,5742445,0,2957959,10976,389317797
2022-02-08,397649354,5755108,0,2589112,12663,391894246
2022-02-09,400071646,5768086,0,2422292,12978,394303560
2022-02-10,402875123,5779846,0,2803477,11760,397095277
2022-02-11,405292144,5791688,0,2417021,11842,399500456
2022-02-12,407007084,5800225,0,1714940,8537,401206859
2022-02-13,408409158,5805464,0,1402074,5239,402603694
2022-02-14,410439590,5816588,0,2030432,11124,404623002
2022-02-15,412303617,5827129,0,1864027,10541,406476488
2022-02-16,414535335,5840126,0,2231718,12997,408695209
2022-02-17,416590808,5852241,0,2055473,12115,410738567
2022-02-18,418567221,5862797,0,1976413,10556,412704424
2022-02-19,420040540,5871136,0,1473319,8339,414169404
2022-02-20,421231428,5876484,0,1190888,5348,415354944
2022-02-21,422933239,5884009,0,1701811,7525,417049230
2022-02-22,424598748,5893959,0,1665509,9950,418704789
2022-02-23,426506250,5905846,0,1907502,11887,420600404
2022-02-24,428288165,5916575,0,1781915,10729,422371590
2022-02-25,429933705,5925500,0,1645540,8925,424008205
2022-02-26,431205693,5932003,0,1271988,6503,425273690
2022-02-27,432254142,5936671,0,1048449,4668,426317471
2022-02-28,433854970,5944276,0,1600828,7605,427910694
2022-03-01,435448491,5952707,0,1593521,8431,429495784
2022-03-02,437102311,5960787,0,1653820,8080,431141524
2022-03-03,438869051,5968885,0,1766740,8098,432900166
2022-03-04,440621865,5977466,0,1752814,8581,434644399
2022-03-05,441908897,5983060,0,1287032,5594,435925837
2022-03-06,443015930,5987254,0,1107033,4194,437028676
2022-03-07,444748882,5995059,0,1732952,7805,438753823
2022-03-08,446328946,6001886,0,1580064,6827,440327060
2022-03-09,448312295,6010015,0,1983349,8129,442302280
2022-03-10,450177589,6017485,0,1865294,7470,444160104
2022-03-11,452042056,6024050,0,1864467,6565,446018006
2022-03-12,453600851,6028745,0,1558795,4695,447572106
2022-03-13,454737008,6032282,0,1136157,3537,448704726
2022-03-14,456730349,6037837,0,1993341,5555,450692512
2022-03-15,458530679,6043406,0,1800330,5569,452487273
2022-03-16,460764137,6050254,0,2233458,6848,454713883
2022-03-17,462837771,6057288,0,2073634,7034,456780483
2022-03-18,464725952,6062989,0,1888181,5701,458662963
2022-03-19,466202245,6066818,0,1476293,3829,460135427
2022-03-20,467160744,6070131,0,958499,3313,461090613
2022-03-21,469032434,6086222,0,1871690,16091,462946212
2022-03-22,471000156,6091264,0,1967722,5042,464908892
2022-03-23,472797191,6097206,0,1797035,5942,466699985
2022-03-24,474574279,6102402,0,1777088,5196,468471877
2022-03-25,476324872,6111528,0,1750593,9126,470213344
2022-03-26,477444862,6114319,0,1119990,2791,471330543
2022-03-27,478291921,6116941,0,847059,2622,472174980
2022-03-28,480130049,6121201,0,1838128,4260,474008848
2022-03-29,481871260,6125613,0,1741211,4412,475745647
2022-03-30,483457923,6130455,0,1586663,4842,477327468
2022-03-31,485012389,6134904,0,1554466,4449,478877485
2022-04-01,486418920,6139711,0,1406531,4807,480279209
2022-04-02,487284558,6142249,0,865638,2538,481142309
2022-04-03,487975110,6144126,0,690552,1877,481830984
2022-04-04,489207883,6147489,0,1232773,3363,483060394
2022-04-05,490564360,6151614,0,1356477,4125,484412746
2022-04-06,491774767,6155858,0,1210407,4244,485618909
2022-04-07,493047081,6160121,0,1272314,4263,486886960
2022-04-08,494221469,6164039,0,1174388,3918,488057430
2022-04-09,494948147,6166300,0,726678,2261,488781847
2022-04-10,495509744,6168057,0,561597,1757,489341687
2022-04-11,496495930,6170907,0,986186,2850,490325023
2022-04-12,497615500,6174181,0,1119570,3274,491441319
2022-04-13,498626829,6178106,0,1011329,3925,492448723
2022-04-14,499570468,6181537,0,943639,3431,493388931
2022-04-15,500237491,6183971,0,667023,2434,494053520
2022-04-16,500775248,6185541,0,537757,1570,494589707
2022-04-17,501181060,6187054,0,405812,1513,494994006
2022-04-18,501626335,6188603,0,445275,1549,495437732
2022-04-19,502636549,6191595,0,1010214,2992,496444954
2022-04-20,503584819,6195651,0,948270,4056,497389168
2022-04-21,504495986,6198620,0,911167,2969,498297366
2022-04-22,505310190,6201290,0,814204,2670,499108900
2022-04-23,505784197,6202834,0,474007,1544,499581363
2022-04-24,506144879,6203974,0,360682,1140,499940905
2022-04-25,506777989,6206096,0,633110,2122,500571893
2022-04-26,507549334,6210330,0,771345,4234,501339004
2022-04-27,508220623,6213343,0,671289,3013,502007280
2022-04-28,508971391,6216205,0,750768,2862,502755186
2022-04-29,509603594,6218660,0,632203,2455,503384934
2022-04-30,509953873,6220088,0,350279,1428,503733785
2022-05-01,510260666,6221268,0,306793,1180,504039398
2022-05-02,510705412,6223004,0,444746,1736,504482408
2022-05-03,511371894,6225155,0,666482,2151,505146739
2022-05-04,511988556,6228730,0,616662,3575,505759826
2022-05-05,512581008,6230811,0,592452,2081,506350197
2022-05-06,513202888,6232869,0,621880,2058,506970019
2022-05-07,513539721,6233968,0,336833,1099,507305753
2022-05-08,513816403,6234797,0,276682,829,507581606
2022-05-09,514504625,6236679,0,688222,1882,508267946
2022-05-10,515141460,6238623,0,636835,1944,508902837
2022-05-11,515827925,6240714,0,686465,2091,509587211
2022-05-12,516475049,6242554,0,647124,1840,510232495
2022-05-13,517040216,6244350,0,565167,1796,510795866
2022-05-14,517478128,6245283,0,437912,933,511232845
2022-05-15,517851132,6246052,0,373004,769,511605080
2022-05-16,518440571,6247623,0,589439,1571,512192948
2022-05-17,519042588,6249451,0,602017,1828,512793137
2022-05-18,519797126,6251715,0,754538,2264,513545411
2022-05-19,520388751,6253253,0,591625,1538,514135498
2022-05-20,521009013,6255169,0,620262,1916,514753844
2022-05-21,521374783,6256238,0,365770,1069,515118545
2022-05-22,521689487,6256841,0,314704,603,515432646
2022-05-23,522182286,6258399,0,492799,1558,515923887
2022-05-24,522774807,6260047,0,592521,1648,516514760
2022-05-25,523414178,6262567,0,639371,2520,517151611
2022-05-26,523913098,6263878,0,498920,1311,517649220
2022-05-27,524477447,6265802,0,564349,1924,518211645
2022-05-28,524805256,6266615,0,327809,813,518538641
2022-05-29,525080966,6267231,0,275710,616,518813735
2022-05-30,525424393,6268339,0,343427,1108,519156054
2022-05-31,526047661,6269839,0,623268,1500,519777822
2022-06-01,526741527,6271765,0,693866,1926,520469762
2022-06-02,527269177,6273313,0,527650,1548,520995864
2022-06-03,527809173,6274816,0,539996,1503,521534357
2022-06-04,528060496,6275487,0,251323,671,521785009
2022-06-05,528322607,6276294,0,262111,807,522046313
2022-06-06,528756589,6277255,0,433982,961,522479334
2022-06-07,529365230,6279258,0,608641,2003,523085972
2022-06-08,530067982,6281791,0,702752,2533,523786191
2022-06-09,530630625,6283243,0,562643,1452,524347382
2022-06-10,531182529,6284884,0,551904,1641,524897645
2022-06-11,531462299,6285801,0,279770,917,525176498
2022-06-12,531659091,6286374,0,196792,573,525372717
2022-06-13,532186025,6288061,0,526934,1687,525897964
2022-06-14,533040503,6289884,0,854478,1823,526750619
2022-06-15,533760151,6291829,0,719648,1945,527468322
2022-06-16,534340088,6293597,0,579937,1768,528046491
2022-06-17,534871245,6294850,0,531157,1253,528576395
2022-06-18,535096248,6295474,0,225003,624,528800774
2022-06-19,535364703,6296150,0,268455,676,529068553
2022-06-20,536118597,6297668,0,753894,1518,529820929
2022-06-21,536932135,6299389,0,813538,1721,530632746
2022-06-22,537734884,6301390,0,802749,2001,531433494
2022-06-23,538513660,6303140,0,778776,1750,532210520
2022-06-24,539288624,6304904,0,774964,1764,532983720
2022-06-25,539601978,6305685,0,313354,781,533296293
2022-06-26,539888032,6306345,0,286054,660,533581687
2022-06-27,540759523,6307816,0,871491,1471,534451707
2022-06-28,541697973,6309736,0,938450,1920,535388237
2022-06-29,542628071,6311526,0,930098,1790,536316545
2022-06-30,543699990,6312853,0,1071919,1327,537387137
2022-07-01,544649629,6314703,0,949639,1850,538334926
2022-07-02,545004916,6315524,0,355287,821,538689392
2022-07-03,545362420,6316258,0,357504,734,539046162
2022-07-04,546214129,6317410,0,851709,1152,539896719
2022-07-05,547413326,6319596,0,1199197,2186,541093730
2022-07-06,548637517,6321893,0,1224191,2297,542315624
2022-07-07,549681792,6324528,0,1044275,2635,543357264
2022-07-08,550684783,6326792,0,1002991,2264,544357991
2022-07-09,551187086,6327825,0,502303,1033,544859261
2022-07-10,551608845,6328665,0,421759,840,545280180
2022-07-11,552661070,6330442,0,1052225,1777,546330628
2022-07-12,553880661,6332896,0,1219591,2454,547547765
2022-07-13,555302686,6335463,0,1422025,2567,548967223
2022-07-14,556286900,6337473,0,984214,2010,549949427
2022-07-15,557283687,6339731,0,996787,2258,550943956
2022-07-16,557834658,6340787,0,550971,1056,551493871
2022-07-17,558294079,6341765,0,459421,978,551952314
2022-07-18,559492023,6343843,0,1197944,2078,553148180
2022-07-19,561025964,6346872,0,1533941,3029,554679092
2022-07-20,562623898,6349721,0,1597934,2849,556274177
2022-07-21,563767437,6352195,0,1143539,2474,557415242
2022-07-22,564854184,6354923,0,1086747,2728,558499261
2022-07-23,565489284,6356195,0,635100,1272,559133089
2022-07-24,566039071,6357220,0,549787,1025,559681851
2022-07-25,567011392,6359164,0,972321,1944,560652228
2022-07-26,568200605,6362037,0,1189213,2873,561838568
2022-07-27,569623656,6365349,0,1423051,3312,563258307
2022-07-28,570729687,6367984,0,1106031,2635,564361703
2022-07-29,572099572,6370974,0,1369885,2990,565728598
2022-07-30,572674446,6372057,0,574874,1083,566302389
2022-07-31,573218243,6372970,0,543797,913,566845273
2022-08-01,574090369,6375405,0,872126,2435,567714964
2022-08-02,575275212,6378267,0,1184843,2862,568896945
2022-08-03,576427468,6381379,0,1152256,3112,570046089
2022-08-04,577889497,6384487,0,1462029,3108,571505010
2022-08-05,578769444,6387360,0,879947,2873,572382084
2022-08-06,579946651,6389079,0,1177207,1719,573557572
2022-08-07,580443804,6390017,0,497153,938,574053787
2022-08-08,581259155,6392311,0,815351,2294,574866844
2022-08-09,582297298,6395844,0,1038143,3533,575901454
2022-08-10,583321319,6398508,0,1024021,2664,576922811
2022-08-11,584313699,6401533,0,992380,3025,577912166
2022-08-12,585061839,6404314,0,748140,2781,578657525
2022-08-13,585698371,6405797,0,636532,1483,579292574
2022-08-14,586159096,6406791,0,460725,994,579752305
2022-08-15,587014305,6409184,0,855209,2393,580605121
2022-08-16,588090494,6412562,0,1076189,3378,581677932
2022-08-17,589078080,6415756,0,987586,3194,582662324
2022-08-18,590013630,6418619,0,935550,2863,583595011
2022-08-19,590809277,6421250,0,795647,2631,584388027
2022-08-20,591382824,6422426,0,573547,1176,584960398
2022-08-21,591866703,6424147,0,483879,1721,585442556
2022-08-22,592577183,6425566,0,710480,1419,586151617
2022-08-23,593462715,6428472,0,885532,2906,587034243
2022-08-24,594343478,6431546,0,880763,3074,587911932
2022-08-25,595201012,6434358,0,857534,2812,588766654
2022-08-26,595899322,6436839,0,698310,2481,589462483
2022-08-27,596351236,6438041,0,451914,1202,589913195
2022-08-28,596756892,6439063,0,405656,1022,590317829
2022-08-29,597333519,6441075,0,576627,2012,590892444
2022-08-30,598077419,6443520,0,743900,2445,591633899
2022-08-31,598828561,6446835,0,751142,3315,592381726
2022-09-01,599498857,6449235,0,670296,2400,593049622
2022-09-02,600152643,6451909,0,653786,2674,593700734
2022-09-03,600528660,6452982,0,376017,1073,594075678
2022-09-04,600898540,6454087,0,369880,1105,594444453
2022-09-05,601355857,6455532,0,457317,1445,594900325
2022-09-06,602026780,6457838,0,670923,2306,595568942
2022-09-07,602641304,6459959,0,614524,2121,596181345
2022-09-08,603218250,6462087,0,576946,2128,596756163
2022-09-09,603740527,6464328,0,522277,2241,597276199
2022-09-10,604053095,6465263,0,312568,935,597587832
2022-09-11,604367365,6466049,0,314270,786,597901316
2022-09-12,604851316,6467557,0,483951,1508,598383759
2022-09-13,605396292,6469504,-1,544976,1947,598926789
2022-09-14,606093222,6471818,-1,696930,2314,599621405
2022-09-15,606696494,6474131,-1,603272,2313,600222364
2022-09-16,607147443,6476063,-1,450949,1932,600671381
2022-09-17,607441899,6476906,-1,294456,843,600964994
2022-09-18,607696005,6477486,-1,254106,580,601218520
2022-09-19,608112261,6478867,-1,416256,1381,601633395
2022-09-20,608661734,6480676,-1,549473,1809,602181059
2022-09-21,609177781,6482699,0,516047,2023,602695082
2022-09-22,609789928,6484780,0,612147,2081,603305148
2022-09-23,610304921,6486571,0,514993,1791,603818350
2022-09-24,610569353,6487392,0,264432,821,604081961
2022-09-25,610791648,6487899,0,222295,507,604303749
2022-09-26,611213689,6489270,0,422041,1371,604724419
2022-09-27,611810036,6490846,0,596347,1576,605319190
2022-09-28,612357324,6493147,0,547288,2301,605864177
2022-09-29,612993196,6495330,0,635872,2183,606497866
2022-09-30,613464826,6496789,0,471630,1459,606968037
2022-10-01,613705033,6497450,0,240207,661,607207583
2022-10-02,613905142,6498012,0,200109,562,607407130
2022-10-03,614222595,6499354,0,317453,1342,607723241
2022-10-04,614818438,6500925,0,595843,1571,608317513
2022-10-05,615400349,6503112,0,581911,2187,608897237
2022-10-06,616032378,6505004,0,632029,1892,609527374
2022-10-07,616604311,6506769,0,571933,1765,610097542
2022-10-08,616822387,6507476,0,218076,707,610314911
2022-10-09,617040697,6508108,0,218310,632,610532589
2022-10-10,617493597,6509424,0,452900,1316,610984173
2022-10-11,618180294,6511320,0,686697,1896,611668974
2022-10-12,618726823,6513160,0,546529,1840,612213663
2022-10-13,619380596,6515156,0,653773,1996,612865440
2022-10-14,619853221,6516777,0,472625,1621,613336444
2022-10-15,620070280,6517546,0,217059,769,613552734
2022-10-16,620261738,6518090,0,191458,544,613743648
2022-10-17,620737572,6519849,0,475834,1759,614217723
2022-10-18,621362638,6521659,0,625066,1810,614840979
2022-10-19,621887116,6523860,0,524478,2201,615363256
2022-10-20,622473626,6525913,0,586510,2053,615947713
2022-10-21,622902010,6527867,0,428384,1954,616374143
2022-10-22,623083584,6528475,0,181574,608,616555109
2022-10-23,623243794,6529067,0,160210,592,616714727
2022-10-24,623628349,6530300,0,384555,1233,617098049
2022-10-25,624219206,6532445,0,590857,2145,617686761
2022-10-26,624683904,6534898,0,464698,2453,618149006
2022-10-27,625146078,6536867,0,462174,1969,618609211
2022-10-28,625505314,6538256,0,359236,1389,618967058
2022-10-29,625703602,6538915,0,198288,659,619164687
2022-10-30,625870351,6539515,0,166749,600,619330836
2022-10-31,626170048,6540734,0,299697,1219,619629314
2022-11-01,626568332,6543505,0,398284,2771,620024827
2022-11-02,626913985,6545049,0,345653,1544,620368936
2022-11-03,627398957,6547236,0,484972,2187,620851721
2022-11-04,627842039,6549188,0,443082,1952,621292851
2022-11-05,628043335,6549801,0,201296,613,621493534
2022-11-06,628229935,6550345,0,186600,544,621679590
2022-11-07,628530707,6551448,0,300772,1103,621979259
2022-11-08,628978474,6552666,0,447767,1218,622425808
2022-11-09,629410470,6554724,0,431996,2058,622855746
2022-11-10,629862883,6556663,0,452413,1939,623306220
2022-11-11,630350067,6558339,0,487184,1676,623791728
2022-11-12,630591648,6558777,0,241581,438,624032871
2022-11-13,630774413,6559281,0,182765,504,624215132
2022-11-14,631120502,6560624,0,346089,1343,624559878
2022-11-15,631619097,6561554,0,498595,930,625057543
2022-11-16,632102896,6563762,0,483799,2208,625539134
2022-11-17,632576104,6565660,0,473208,1898,626010444
2022-11-18,633205708,6567998,0,629604,2338,626637710
2022-11-19,633452011,6568486,0,246303,488,626883525
2022-11-20,633673695,6569075,0,221684,589,627104620
2022-11-21,634013321,6570171,0,339626,1096,627443150
2022-11-22,634586091,6571888,0,572770,1717,628014203
2022-11-23,635173952,6573953,0,587861,2065,628599999
2022-11-24,635592370,6575285,0,418418,1332,629017085
2022-11-25,636289255,6577475,0,696885,2190,629711780
2022-11-26,636559695,6577987,0,270440,512,629981708
2022-11-27,636822830,6578577,0,263135,590,630244253
2022-11-28,637226440,6579694,0,403610,1117,630646746
2022-11-29,637955961,6581292,0,729521,1598,631374669
2022-11-30,638490287,6582842,0,534326,1550,631907445
2022-12-01,639184008,6585104,0,693721,2262,632598904
2022-12-02,639945352,6587449,0,761344,2345,633357903
2022-12-03,640245244,6588058,0,299892,609,633657186
2022-12-04,640502185,6588694,0,256941,636,633913491
2022-12-05,640999413,6589920,0,497228,1226,634409493
2022-12-06,641623921,6591662,0,624508,1742,635032259
2022-12-07,642254403,6593788,0,630482,2126,635660615
2022-12-08,643058061,6596728,0,803658,2940,636461333
2022-12-09,643726297,6598851,0,668236,2123,637127446
2022-12-10,643999978,6599441,0,273681,590,637400537
2022-12-11,644298323,6600101,0,298345,660,637698222
2022-12-12,644867683,6601684,0,569360,1583,638265999
2022-12-13,645643931,6603621,0,776248,1937,639040310
2022-12-14,646327340,6606016,0,683409,2395,639721324
2022-12-15,647075811,6608697,0,748471,2681,640467114
2022-12-16,647806222,6611376,0,730411,2679,641194846
2022-12-17,648105417,6612183,0,299195,807,641493234
2022-12-18,648388236,6612971,0,282819,788,641775265
2022-12-19,648972048,6614769,0,583812,1798,642357279
2022-12-20,649678885,6616954,0,706837,2185,643061931
2022-12-21,650397194,6619460,0,718309,2506,643777734
2022-12-22,651146250,6622050,0,749056,2590,644524200
2022-12-23,651783311,6624587,0,637061,2537,645158724
2022-12-24,652127641,6625576,0,344330,989,645502065
2022-12-25,652313888,6626441,0,186247,865,645687447
2022-12-26,652831477,6627536,0,517589,1095,646203941
2022-12-27,653484816,6629638,0,653339,2102,646855178
2022-12-28,654120948,6632418,0,636132,2780,647488530
2022-12-29,654791078,6635288,0,670130,2870,648155790
2022-12-30,655371158,6637693,0,580080,2405,648733465
2022-12-31,655634371,6638577,0,263213,884,648995794
2023-01-01,655948332,6639621,0,313961,1044,649308711
2023-01-02,656367562,6640984,0,419230,1363,649726578
2023-01-03,656828727,6643224,0,461165,2240,650185503
2023-01-04,657397881,6646141,0,569154,2917,650751740
2023-01-05,658121695,6649610,0,723814,3469,651472085
2023-01-06,658837015,6652665,0,715320,3055,652184350
2023-01-07,659193225,6653599,0,356210,934,652539626
2023-01-08,659519897,6654657,0,326672,1058,652865240
2023-01-09,659864672,6656627,0,344775,1970,653208045
2023-01-10,660258190,6658958,0,393518,2331,653599232
2023-01-11,660763394,6662200,0,505204,3242,654101194
2023-01-12,661235783,6665488,0,472389,3288,654570295
2023-01-13,661670549,6668456,0,434766,2968,655002093
2023-01-14,661891388,6669461,0,220839,1005,655221927
2023-01-15,662088246,6730364,0,196858,60903,655357882
2023-01-16,662299933,6731642,0,211687,1278,655568291
2023-01-17,662650857,6733643,0,350924,2001,655917214
2023-01-18,663027119,6736773,0,376262,3130,656290346
2023-01-19,663345386,6740224,0,318267,3451,656605162
2023-01-20,663686784,6743658,0,341398,3434,656943126
2023-01-21,663839195,6757141,0,152411,13483,657082054
2023-01-22,663953295,6757821,0,114100,680,657195474
2023-01-23,664121829,6759321,0,168534,1500,657362508
2023-01-24,664392000,6761344,0,270171,2023,657630656
2023-01-25,664685049,6763630,0,293049,2286,657921419
2023-01-26,664962372,6766616,0,277323,2986,658195756
2023-01-27,665199669,6768396,0,237297,1780,658431273
2023-01-28,665332612,6775447,0,132943,7051,658557165
2023-01-29,665456145,6776184,0,123533,737,658679961
2023-01-30,665614640,6777362,0,158495,1178,658837278
2023-01-31,665844373,6779212,0,229733,1850,659065161
2023-02-01,666141016,6781872,0,296643,2660,659359144
2023-02-02,666395798,6784517,0,254782,2645,659611281
2023-02-03,666633136,6786828,0,237338,2311,659846308
2023-02-04,666735875,6790777,0,102739,3949,659945098
2023-02-05,666825064,6791377,0,89189,600,660033687
2023-02-06,666968528,6792327,0,143464,950,660176201
2023-02-07,667164315,6793574,0,195787,1247,660370741
2023-02-08,667393258,6795546,0,228943,1972,660597712
2023-02-09,667649007,6797807,0,255749,2261,660851200
2023-02-10,667790259,6798927,0,141252,1120,660991332
2023-02-11,667921972,6799558,0,131713,631,661122414
2023-02-12,667999204,6799931,0,77232,373,661199273
2023-02-13,668135629,6800661,0,136425,730,661334968
2023-02-14,668328264,6801844,0,192635,1183,661526420
2023-02-15,668567172,6803333,0,238908,1489,661763839
2023-02-16,668769025,6805331,0,201853,1998,661963694
2023-02-17,668961500,6807179,0,192475,1848,662154321
2023-02-18,669052050,6807545,0,90550,366,662244505
2023-02-19,669138089,6808008,0,86039,463,662330081
2023-02-20,669223241,6808495,0,85152,487,662414746
2023-02-21,669402577,6809286,0,179336,791,662593291
2023-02-22,669647563,6811082,0,244986,1796,662836481
2023-02-23,669864363,6812885,0,216800,1803,663051478
2023-02-24,670006059,6813864,0,141696,979,663192195
2023-02-25,670051061,6814075,0,45002,211,663236986
2023-02-26,670116355,6814319,0,65294,244,663302036
2023-02-27,670242186,6814837,0,125831,518,663427349
2023-02-28,670392209,6815703,0,150023,866,663576506
2023-03-01,670611834,6817434,0,219625,1731,663794400
2023-03-02,670796232,6818921,0,184398,1487,663977311
2023-03-03,670978315,6820203,0,182083,1282,664158112
2023-03-04,671032094,6820472,0,53779,269,664211622
2023-03-05,671087927,6820620,0,55833,148,664267307
2023-03-06,671144290,6820949,0,56363,329,664323341
2023-03-07,671273820,6821859,0,129530,910,664451961
2023-03-08,671452430,6823275,0,178610,1416,664629155
2023-03-09,671625714,6824508,0,173284,1233,664801206
